编号,分类,GCJ02_经度,GCJ02_纬度,WGS84_经度,WGS84_纬度
0,垃圾桶,118.093213,24.463067,118.088238,24.46571
1,垃圾桶,118.093528,24.463049,118.088552,24.465692
2,垃圾桶,118.094035,24.46286,118.08906,24.465503
3,垃圾桶,118.094207,24.462798,118.089232,24.465441
4,路灯,118.094576,24.462776,118.089601,24.465418
5,路灯,118.094369,24.4627,118.089394,24.465343
6,路灯,118.09419,24.462666,118.089215,24.465308
7,路灯,118.095583,24.462371,118.090609,24.465013
8,路灯,118.094981,24.462259,118.090006,24.464902
9,路灯,118.093359,24.462124,118.088384,24.464766
10,路灯,118.094225,24.462116,118.08925,24.464758
11,垃圾桶,118.095012,24.462141,118.090037,24.464783
12,路灯,118.093544,24.462009,118.088569,24.464651
13,反光镜,118.093385,24.461988,118.08841,24.464631
14,垃圾桶,118.093331,24.461877,118.088355,24.464519
15,灭火器,118.093753,24.461822,118.088777,24.464465
16,晾衣架,118.095082,24.46184,118.090107,24.464482
17,路灯,118.094983,24.461797,118.090008,24.464439
18,路灯,118.093828,24.461731,118.088853,24.464373
19,垃圾桶,118.093652,24.461701,118.088677,24.464343
20,宣传栏,118.095052,24.461674,118.090077,24.464316
21,晾衣架,118.093601,24.46126,118.088626,24.463903
22,路灯,118.093892,24.461262,118.088917,24.463904
23,路灯,118.093783,24.461229,118.088808,24.463871
24,宣传栏,118.093631,24.461114,118.088656,24.463756
25,垃圾桶,118.093876,24.461093,118.088901,24.463736
26,晾衣架,118.094306,24.460465,118.089331,24.463107
27,灭火器,118.094864,24.460482,118.089889,24.463124
28,晾衣架,118.094595,24.460444,118.08962,24.463086
29,宣传栏,118.094197,24.460403,118.089222,24.463045
30,垃圾桶,118.094892,24.460385,118.089917,24.463027
31,指示牌,118.09251,24.460082,118.087535,24.462725
32,反光镜,118.095192,24.46009,118.090217,24.462732
33,路灯,118.09246,24.45999,118.087485,24.462633
34,宣传栏,118.094252,24.460013,118.089278,24.462655
35,路灯,118.092579,24.459846,118.087604,24.462488
36,垃圾桶,118.09426,24.459824,118.089285,24.462466
37,路灯,118.094787,24.459774,118.089812,24.462416
38,路灯,118.095888,24.459805,118.090914,24.462447
39,灭火器,118.094153,24.459736,118.089178,24.462378
40,路灯,118.094955,24.459749,118.08998,24.462391
41,反光镜,118.096147,24.459754,118.091173,24.462396
42,指示牌,118.092331,24.459563,118.087355,24.462205
43,垃圾桶,118.093321,24.45957,118.088346,24.462212
44,垃圾桶,118.094023,24.45959,118.089048,24.462232
45,指示牌,118.093402,24.459542,118.088427,24.462184
46,晾衣架,118.094528,24.459564,118.089553,24.462206
47,路灯,118.092291,24.459473,118.087315,24.462116
48,路灯,118.093254,24.459497,118.088279,24.462139
49,灭火器,118.09629,24.459589,118.091316,24.462231
50,指示牌,118.092397,24.459469,118.087421,24.462112
51,路灯,118.096147,24.459567,118.091173,24.462209
52,路灯,118.092972,24.459476,118.087996,24.462118
53,指示牌,118.092597,24.459448,118.087621,24.46209
54,路灯,118.09271,24.459454,118.087735,24.462096
55,宣传栏,118.096428,24.459557,118.091454,24.462199
56,路灯,118.093476,24.459462,118.088501,24.462104
57,反光镜,118.096049,24.459537,118.091075,24.462178
58,路灯,118.092464,24.459366,118.087489,24.462009
59,灭火器,118.094124,24.459412,118.089149,24.462054
60,路灯,118.093965,24.45938,118.08899,24.462022
61,指示牌,118.092392,24.459322,118.087416,24.461965
62,垃圾桶,118.094757,24.459371,118.089782,24.462013
63,指示牌,118.094854,24.459376,118.089879,24.462018
64,宣传栏,118.093619,24.459341,118.088644,24.461983
65,路灯,118.094291,24.459344,118.089316,24.461986
66,反光镜,118.094109,24.459332,118.089134,24.461974
67,路灯,118.094458,24.459341,118.089483,24.461983
68,路灯,118.09369,24.459294,118.088715,24.461936
69,宣传栏,118.094589,24.459339,118.089615,24.461981
70,路灯,118.091748,24.459237,118.086773,24.46188
71,路灯,118.093435,24.459292,118.08846,24.461934
72,灭火器,118.09553,24.459321,118.090555,24.461963
73,晾衣架,118.093306,24.459214,118.088331,24.461856
74,路灯,118.094087,24.459236,118.089112,24.461878
75,垃圾桶,118.095086,24.459242,118.090111,24.461884
76,垃圾桶,118.094985,24.459233,118.090011,24.461874
77,灭火器,118.095332,24.459219,118.090357,24.461861
78,垃圾桶,118.096334,24.459241,118.09136,24.461883
79,路灯,118.093429,24.459118,118.088454,24.46176
80,路灯,118.093756,24.459135,118.088781,24.461777
81,路灯,118.094116,24.45911,118.089141,24.461752
82,指示牌,118.09342,24.458987,118.088445,24.461629
83,宣传栏,118.094252,24.459011,118.089277,24.461653
84,路灯,118.093826,24.458967,118.088851,24.461609
85,指示牌,118.096302,24.459008,118.091328,24.46165
86,路灯,118.093436,24.458918,118.088461,24.46156
87,晾衣架,118.094034,24.458922,118.089059,24.461563
88,宣传栏,118.093956,24.458916,118.088981,24.461558
89,路灯,118.094187,24.458911,118.089212,24.461553
90,路灯,118.093391,24.458749,118.088416,24.461391
91,晾衣架,118.093895,24.458762,118.08892,24.461404
92,路灯,118.094897,24.458745,118.089922,24.461387
93,指示牌,118.095058,24.458751,118.090084,24.461393
94,座椅,118.090999,24.458641,118.086024,24.461283
95,路灯,118.093936,24.458688,118.088961,24.46133
96,路灯,118.090981,24.458539,118.086006,24.461182
97,路灯,118.094011,24.458558,118.089036,24.4612
98,路灯,118.095195,24.458593,118.09022,24.461235
99,指示牌,118.091109,24.458473,118.086134,24.461115
100,路灯,118.092773,24.458485,118.087798,24.461128
101,路灯,118.092426,24.458395,118.087451,24.461037
102,路灯,118.093063,24.458493,118.088088,24.461135
103,晾衣架,118.093179,24.458496,118.088204,24.461138
104,路灯,118.093285,24.4585,118.08831,24.461142
105,晾衣架,118.093064,24.458376,118.088089,24.461018
106,路灯,118.093882,24.458398,118.088907,24.46104
107,路灯,118.093392,24.458355,118.088417,24.460996
108,垃圾桶,118.091176,24.458255,118.086201,24.460897
109,路灯,118.09401,24.458306,118.089035,24.460948
110,路灯,118.091114,24.458134,118.086139,24.460777
111,路灯,118.092425,24.45817,118.08745,24.460812
112,指示牌,118.093261,24.458196,118.088286,24.460838
113,路灯,118.094009,24.458148,118.089035,24.46079
114,垃圾桶,118.091863,24.458079,118.086887,24.460721
115,灭火器,118.092004,24.458063,118.087028,24.460705
116,指示牌,118.09337,24.458103,118.088395,24.460745
117,灭火器,118.094256,24.458121,118.089281,24.460763
118,垃圾桶,118.094564,24.45813,118.08959,24.460772
119,指示牌,118.091248,24.458032,118.086273,24.460675
120,垃圾桶,118.094364,24.458116,118.089389,24.460758
121,垃圾桶,118.094461,24.458119,118.089486,24.460761
122,宣传栏,118.095123,24.458117,118.090149,24.460758
123,指示牌,118.091599,24.458012,118.086624,24.460655
124,路灯,118.093361,24.458027,118.088386,24.460669
125,路灯,118.091751,24.457965,118.086776,24.460607
126,路灯,118.091906,24.457963,118.086931,24.460605
127,指示牌,118.092169,24.457961,118.087194,24.460604
128,宣传栏,118.09207,24.457951,118.087095,24.460594
129,反光镜,118.0924,24.457954,118.087424,24.460596
130,指示牌,118.093999,24.457994,118.089025,24.460636
131,宣传栏,118.092583,24.457921,118.087608,24.460563
132,指示牌,118.092668,24.457924,118.087693,24.460566
133,指示牌,118.092935,24.45792,118.08796,24.460562
134,宣传栏,118.094992,24.45797,118.090018,24.460611
135,宣传栏,118.091759,24.45787,118.086784,24.460512
136,指示牌,118.09185,24.457872,118.086875,24.460515
137,垃圾桶,118.091965,24.457871,118.08699,24.460513
138,路灯,118.092102,24.457851,118.087127,24.460494
139,路灯,118.092217,24.457854,118.087241,24.460496
140,路灯,118.092334,24.457859,118.087359,24.460501
141,路灯,118.091178,24.457793,118.086203,24.460436
142,路灯,118.092568,24.457833,118.087593,24.460475
143,路灯,118.093797,24.457867,118.088822,24.460509
144,路灯,118.094377,24.457885,118.089402,24.460527
145,灭火器,118.091714,24.457782,118.086739,24.460424
146,灭火器,118.091866,24.457784,118.08689,24.460426
147,路灯,118.092829,24.457811,118.087854,24.460453
148,路灯,118.094121,24.457847,118.089146,24.460489
149,宣传栏,118.094042,24.457841,118.089067,24.460483
150,宣传栏,118.094293,24.457849,118.089318,24.460491
151,路灯,118.09483,24.457839,118.089856,24.46048
152,宣传栏,118.091141,24.457735,118.086166,24.460377
153,晾衣架,118.093195,24.457778,118.08822,24.46042
154,指示牌,118.094898,24.457805,118.089923,24.460446
155,垃圾桶,118.091071,24.457681,118.086096,24.460324
156,指示牌,118.091275,24.457671,118.0863,24.460313
157,座椅,118.094227,24.457727,118.089252,24.460369
158,座椅,118.09444,24.457739,118.089466,24.46038
159,路灯,118.094555,24.457728,118.089581,24.460369
160,路灯,118.091011,24.457596,118.086036,24.460238
161,指示牌,118.090932,24.457512,118.085957,24.460154
162,路灯,118.090888,24.457445,118.085913,24.460087
163,指示牌,118.093853,24.457499,118.088878,24.460141
164,灭火器,118.094017,24.457396,118.089043,24.460038
165,指示牌,118.091011,24.457336,118.086036,24.459978
166,座椅,118.094463,24.457435,118.089488,24.460077
167,宣传栏,118.094629,24.457412,118.089654,24.460054
168,路灯,118.090355,24.457273,118.08538,24.459916
169,指示牌,118.090789,24.457286,118.085813,24.459928
170,宣传栏,118.09376,24.457372,118.088786,24.460014
171,指示牌,118.093836,24.457375,118.088861,24.460017
172,指示牌,118.090446,24.457248,118.085471,24.45989
173,垃圾桶,118.093968,24.457319,118.088994,24.459961
174,指示牌,118.094151,24.457322,118.089176,24.459964
175,路灯,118.090721,24.457203,118.085745,24.459845
176,路灯,118.093729,24.45726,118.088755,24.459901
177,路灯,118.093524,24.457239,118.088549,24.45988
178,指示牌,118.093649,24.457241,118.088674,24.459883
179,路灯,118.090301,24.457124,118.085326,24.459766
180,路灯,118.093331,24.457203,118.088356,24.459844
181,宣传栏,118.094502,24.45725,118.089528,24.459892
182,座椅,118.093984,24.457222,118.089009,24.459864
183,座椅,118.092334,24.457153,118.087358,24.459795
184,路灯,118.092424,24.457152,118.087449,24.459794
185,垃圾桶,118.093252,24.457184,118.088277,24.459825
186,垃圾桶,118.093166,24.457169,118.088191,24.459811
187,座椅,118.092173,24.457124,118.087198,24.459766
188,路灯,118.092945,24.457132,118.08797,24.459774
189,路灯,118.094122,24.457173,118.089147,24.459814
190,路灯,118.090653,24.45706,118.085678,24.459703
191,座椅,118.092768,24.457112,118.087793,24.459754
192,座椅,118.091983,24.457084,118.087008,24.459726
193,指示牌,118.090272,24.457026,118.085296,24.459669
194,座椅,118.092676,24.457097,118.087701,24.459739
195,宣传栏,118.092365,24.457066,118.08739,24.459708
196,宣传栏,118.092439,24.457066,118.087464,24.459708
197,垃圾桶,118.092585,24.457075,118.08761,24.459716
198,座椅,118.094535,24.457127,118.08956,24.459768
199,路灯,118.092143,24.457044,118.087167,24.459686
200,垃圾桶,118.09229,24.457056,118.087315,24.459698
201,指示牌,118.090807,24.457002,118.085832,24.459645
202,路灯,118.093969,24.45708,118.088995,24.459722
203,路灯,118.091973,24.456997,118.086998,24.459639
204,座椅,118.094442,24.457069,118.089468,24.459711
205,路灯,118.092569,24.456988,118.087594,24.45963
206,路灯,118.092371,24.456975,118.087396,24.459617
207,指示牌,118.091897,24.456953,118.086922,24.459595
208,路灯,118.090725,24.456899,118.085749,24.459541
209,路灯,118.091823,24.456929,118.086847,24.459571
210,指示牌,118.090837,24.456843,118.085861,24.459485
211,指示牌,118.091531,24.456856,118.086555,24.459499
212,路灯,118.091685,24.456845,118.08671,24.459487
213,垃圾桶,118.094267,24.456925,118.089292,24.459566
214,路灯,118.092758,24.45685,118.087783,24.459492
215,指示牌,118.092838,24.456834,118.087863,24.459476
216,指示牌,118.091317,24.456769,118.086342,24.459411
217,指示牌,118.091463,24.456772,118.086488,24.459415
218,垃圾桶,118.094189,24.456855,118.089214,24.459496
219,路灯,118.090735,24.456729,118.085759,24.459371
220,路灯,118.09325,24.456763,118.088275,24.459405
221,灭火器,118.091754,24.456713,118.086778,24.459355
222,指示牌,118.090867,24.456664,118.085891,24.459307
223,路灯,118.093068,24.456729,118.088093,24.45937
224,路灯,118.091309,24.45664,118.086334,24.459282
225,路灯,118.092866,24.456683,118.087891,24.459325
226,灭火器,118.090965,24.45661,118.08599,24.459252
227,路灯,118.093363,24.456649,118.088388,24.45929
228,路灯,118.090767,24.456559,118.085792,24.459201
229,路灯,118.093253,24.456577,118.088278,24.459219
230,灭火器,118.090783,24.456478,118.085808,24.45912
231,路灯,118.092897,24.456536,118.087922,24.459178
232,路灯,118.090791,24.456388,118.085816,24.45903
233,路灯,118.093328,24.456446,118.088354,24.459088
234,路灯,118.0929,24.456382,118.087925,24.459024
235,宣传栏,118.089939,24.456303,118.084964,24.458946
236,指示牌,118.090806,24.456308,118.085831,24.45895
237,路灯,118.090914,24.456312,118.085939,24.458954
238,路灯,118.090792,24.456225,118.085817,24.458867
239,指示牌,118.090754,24.456141,118.085779,24.458783
240,路灯,118.092832,24.456149,118.087857,24.458791
241,路灯,118.092764,24.45605,118.087789,24.458692
242,路灯,118.09268,24.455953,118.087705,24.458595
